temp_c,humidity,solarradiation,track_age,tmsi
26.055555555555557,73.4,296.7,24,0.2482461111111111
28.5,53.9,268.5,29,0.313295
30.333333333333332,49.1,319.8,19,0.2589566666666666
29.38888888888889,60.4,253.0,31,0.33831277777777774
31.72222222222222,52.7,305.1,36,0.4021094444444444
31.444444444444443,48.2,288.7,30,0.35397888888888884
32.388888888888886,39.4,283.2,33,0.3871227777777777
33.833333333333336,35.2,301.8,39,0.4484016666666667
33.77777777777778,40.9,306.7,27,0.35777555555555557
34.44444444444444,39.5,274.9,35,0.4252888888888889
32.77777777777778,48.5,282.7,13,0.24150555555555556
34.888888888888886,45.2,306.0,24,0.3477977777777777
36.5,39.8,294.6,30,0.41095499999999996
35.44444444444444,40.5,289.7,34,0.4290588888888889
33.44444444444444,45.3,281.0,9,0.21901888888888885
32.0,56.3,260.0,14,0.24024
32.44444444444444,62.0,256.1,38,0.42524888888888884
31.5,66.2,207.4,39,0.42210499999999995
28.61111111111111,81.0,211.5,27,0.2995472222222223
31.61111111111111,67.8,221.3,25,0.3183572222222223
31.055555555555557,71.7,234.8,36,0.39459611111111115
32.44444444444444,68.1,186.5,21,0.29774888888888884
32.833333333333336,69.8,160.1,5,0.1821316666666667
32.27777777777778,69.2,206.0,9,0.20587055555555556
26.444444444444443,93.6,76.2,39,0.36512888888888884
28.77777777777778,86.1,141.4,13,0.19642555555555558
29.5,86.9,230.4,23,0.27956499999999995
29.555555555555557,85.0,183.3,34,0.36269111111111113
28.833333333333332,87.6,138.3,17,0.22705166666666662
28.22222222222222,90.7,220.6,22,0.2576644444444444
29.555555555555557,83.4,249.0,39,0.4001911111111111
30.666666666666668,76.8,267.5,19,0.26271333333333335
32.833333333333336,69.9,272.5,25,0.3321316666666667
31.27777777777778,78.8,237.9,22,0.2921005555555556
29.88888888888889,85.9,214.2,21,0.26894777777777773
28.333333333333332,91.8,124.7,24,0.2739166666666666
29.666666666666668,84.6,166.4,20,0.2589433333333334
27.22222222222222,97.1,75.3,5,0.11889444444444444
26.944444444444443,98.1,80.0,33,0.32576388888888885
27.444444444444446,96.7,141.3,33,0.3313988888888888
28.444444444444443,89.8,180.0,35,0.3576688888888889
29.333333333333332,88.0,148.0,23,0.2776866666666666
29.666666666666668,88.1,168.9,25,0.2964433333333334
29.555555555555557,88.9,139.1,39,0.4001911111111111
29.555555555555557,87.0,181.3,37,0.38519111111111115
28.944444444444443,89.1,198.6,28,0.3108038888888889
30.444444444444443,86.2,172.9,10,0.19270888888888887
29.38888888888889,92.2,160.9,27,0.30831277777777777
30.88888888888889,82.6,230.6,11,0.20521777777777772
32.77777777777778,70.8,262.9,13,0.24150555555555556
33.22222222222222,71.7,234.5,5,0.18651444444444443
32.111111111111114,77.2,167.3,28,0.3464922222222222
32.166666666666664,72.4,249.1,10,0.2121183333333333
32.5,70.6,214.9,9,0.208375
31.27777777777778,80.8,176.7,38,0.4121005555555556
27.722222222222225,92.1,101.6,30,0.31202944444444447
29.61111111111111,84.6,148.8,28,0.31831722222222225
28.72222222222222,87.6,103.0,32,0.33829944444444443
27.88888888888889,92.3,123.3,6,0.13390777777777774
29.666666666666668,82.9,203.8,7,0.16144333333333338
31.055555555555557,78.3,243.4,5,0.1620961111111111
31.38888888888889,74.7,253.0,5,0.16585277777777774
30.72222222222222,78.9,204.6,6,0.16583944444444443
30.555555555555557,81.3,212.6,25,0.30646111111111113
29.333333333333332,86.8,153.0,5,0.1426866666666666
29.5,88.3,153.6,17,0.234565
31.38888888888889,73.4,242.8,33,0.3758527777777777
30.333333333333332,70.7,224.7,38,0.4014566666666666
30.444444444444443,72.7,239.4,27,0.3202088888888889
30.77777777777778,69.7,217.2,36,0.39146555555555557
30.77777777777778,71.0,175.0,24,0.30146555555555554
31.27777777777778,66.4,223.8,37,0.40460055555555563
31.555555555555557,61.4,242.6,30,0.35523111111111105
30.88888888888889,65.7,178.9,8,0.18271777777777773
30.72222222222222,70.0,123.9,15,0.23333944444444443
30.055555555555557,80.5,222.5,32,0.3533261111111111
31.88888888888889,72.2,249.3,9,0.20148777777777774
32.22222222222222,63.8,253.3,22,0.3027444444444444
32.611111111111114,64.0,252.4,17,0.26962722222222224
30.27777777777778,84.0,181.3,23,0.28833055555555553
31.88888888888889,75.2,238.1,12,0.22398777777777773
32.55555555555556,74.0,228.6,38,0.4265011111111111
31.11111111111111,80.9,147.6,38,0.41022222222222227
27.61111111111111,92.4,71.2,21,0.24327722222222226
29.166666666666668,75.9,201.5,7,0.15580833333333338
30.333333333333332,68.1,241.5,36,0.3864566666666666
30.77777777777778,63.7,242.9,6,0.16646555555555556
30.88888888888889,58.6,254.4,19,0.2652177777777777
30.72222222222222,62.5,253.1,19,0.2633394444444444
31.5,61.5,264.6,28,0.339605
31.61111111111111,62.8,250.4,18,0.2658572222222223
31.88888888888889,61.7,239.5,7,0.18648777777777772
32.333333333333336,60.6,255.9,23,0.31149666666666664
32.05555555555556,59.0,270.1,22,0.3008661111111111
31.61111111111111,57.8,269.7,21,0.28835722222222226
31.555555555555557,58.2,268.7,6,0.17523111111111112
32.0,61.8,245.2,36,0.40524000000000004
31.61111111111111,59.1,252.7,5,0.16835722222222227
30.77777777777778,65.3,248.2,34,0.37646555555555555
30.38888888888889,66.4,213.6,9,0.18458277777777773
27.22222222222222,87.2,83.0,24,0.26139444444444443
25.666666666666668,96.7,75.2,5,0.10136333333333339
27.722222222222225,85.8,175.1,28,0.2970294444444445
29.055555555555557,79.4,222.2,10,0.17705611111111114
30.833333333333332,76.3,196.9,8,0.1820916666666666
31.833333333333332,73.8,181.1,18,0.2683616666666666
29.444444444444443,82.1,164.0,36,0.3764388888888889
28.055555555555557,91.0,175.9,24,0.2707861111111111
28.333333333333332,87.8,144.5,24,0.2739166666666666
28.833333333333332,77.3,197.9,17,0.22705166666666662
30.61111111111111,71.2,220.4,38,0.4045872222222222
31.11111111111111,68.4,215.2,26,0.3202222222222223
31.0,71.0,215.0,35,0.38647
30.88888888888889,71.7,219.0,18,0.2577177777777777
28.388888888888886,84.4,185.8,8,0.15454277777777772
28.333333333333332,78.0,206.1,24,0.2739166666666666
29.38888888888889,72.4,221.4,32,0.34581277777777775
30.055555555555557,68.9,215.8,11,0.19582611111111115
29.61111111111111,65.1,240.3,16,0.22831722222222223
28.5,63.9,246.4,8,0.155795
28.944444444444443,62.4,244.1,34,0.35580388888888886
29.5,62.0,237.3,12,0.197065
28.88888888888889,59.8,240.6,21,0.25767777777777773
27.722222222222225,52.8,243.9,31,0.31952944444444453
27.22222222222222,49.0,245.1,27,0.28389444444444445
27.666666666666668,54.3,240.1,15,0.19890333333333338
27.61111111111111,53.8,240.6,30,0.31077722222222226
28.000000000000004,52.4,239.6,27,0.29266000000000003
28.944444444444443,58.1,230.2,37,0.3783038888888889
30.166666666666668,60.2,225.1,14,0.21957833333333338
30.444444444444443,58.9,214.9,37,0.3952088888888889
29.833333333333332,52.8,194.9,20,0.2608216666666666
27.944444444444443,55.9,230.2,12,0.17953388888888888
26.999999999999996,53.6,230.2,9,0.14639000000000002
28.111111111111107,55.5,220.8,25,0.2789122222222222
28.77777777777778,55.2,205.8,16,0.21892555555555554
27.555555555555554,58.2,205.6,6,0.1301511111111111
25.38888888888889,59.6,178.4,32,0.30073277777777774
21.944444444444443,77.2,169.0,27,0.22441388888888888
23.944444444444443,63.8,212.4,31,0.27695388888888883
23.61111111111111,60.1,216.8,13,0.13819722222222225
23.88888888888889,60.4,214.6,13,0.14132777777777775
23.77777777777778,59.8,213.6,26,0.23757555555555557
24.222222222222218,59.9,196.2,21,0.20508444444444435
24.166666666666668,63.4,208.7,24,0.22695833333333337
24.499999999999996,56.4,204.3,21,0.20821499999999998
24.111111111111114,57.9,205.4,23,0.21883222222222226
24.222222222222218,54.5,295.2,20,0.19758444444444434
23.72222222222222,52.2,212.3,11,0.12444944444444443
24.111111111111114,52.3,188.3,14,0.15133222222222226
24.166666666666668,56.6,200.5,8,0.10695833333333338
25.11111111111111,58.4,193.6,12,0.14760222222222225
24.833333333333332,67.1,189.4,32,0.2944716666666666
24.222222222222218,64.5,193.2,38,0.33258444444444435
23.5,71.9,191.7,25,0.226945
22.83333333333333,72.3,184.9,29,0.2494316666666666
22.722222222222225,75.8,186.9,39,0.3231794444444445
23.333333333333332,70.8,195.6,16,0.1575666666666666
22.61111111111111,64.9,194.7,28,0.23942722222222224
23.277777777777782,63.5,189.4,29,0.2544405555555556
23.444444444444443,66.1,184.6,39,0.33131888888888883
23.388888888888886,66.4,178.7,16,0.15819277777777774
20.27777777777778,84.5,138.6,37,0.2806305555555556
19.777777777777775,76.0,179.3,23,0.1725
19.833333333333332,72.6,186.6,23,0.1725
19.66666666666667,74.3,184.5,23,0.1725
19.388888888888893,70.6,159.3,5,0.0375
19.111111111111114,70.2,184.8,10,0.075
19.055555555555557,76.1,180.2,7,0.0525
20.11111111111111,73.2,173.0,37,0.2787522222222223
20.611111111111107,68.9,170.8,15,0.11938722222222217
19.944444444444446,68.1,161.0,31,0.23249999999999998
19.27777777777778,72.7,175.4,11,0.0825
18.77777777777778,70.9,176.7,10,0.075
17.77777777777778,67.8,177.6,38,0.285
18.22222222222222,68.6,175.8,17,0.1275
18.277777777777782,70.1,173.9,9,0.0675
18.166666666666668,69.8,158.6,16,0.12
19.388888888888893,67.3,146.8,8,0.06
18.5,75.1,66.2,11,0.0825
17.72222222222222,86.9,87.9,9,0.0675
18.5,81.0,148.8,16,0.12
19.111111111111114,82.6,132.4,37,0.2775
19.444444444444443,82.6,147.0,33,0.24749999999999997
17.88888888888889,83.6,150.2,15,0.11249999999999999
18.388888888888886,75.1,159.2,34,0.255
19.388888888888893,71.6,136.3,26,0.195
17.944444444444443,69.5,163.1,11,0.0825
16.88888888888889,72.7,167.2,23,0.1725
16.666666666666668,75.5,161.7,34,0.255
17.38888888888889,69.8,164.7,11,0.0825
16.944444444444443,69.5,167.1,5,0.0375
15.61111111111111,68.7,166.9,37,0.2775
15.444444444444445,67.8,165.7,29,0.2175
15.833333333333334,72.3,160.2,27,0.2025
16.22222222222222,69.7,162.5,22,0.165
15.333333333333334,65.5,164.2,22,0.165
15.055555555555555,66.2,163.8,11,0.0825
14.555555555555555,68.0,160.7,23,0.1725
15.777777777777779,64.4,162.0,22,0.165
14.555555555555555,71.5,165.2,28,0.21
14.5,64.9,167.4,34,0.255
14.222222222222221,68.7,161.5,24,0.18
14.333333333333334,75.2,157.8,34,0.255
14.277777777777779,76.1,162.7,31,0.23249999999999998
16.11111111111111,75.2,155.8,38,0.285
16.0,77.6,161.5,39,0.2925
14.833333333333334,81.7,161.8,31,0.23249999999999998
13.944444444444445,85.1,155.5,23,0.1725
12.944444444444443,91.9,162.9,17,0.1275
12.833333333333334,91.0,137.6,36,0.27
13.833333333333334,93.9,94.1,24,0.18
14.61111111111111,90.0,102.6,36,0.27
13.277777777777779,87.0,121.7,29,0.2175
12.055555555555557,81.7,151.8,39,0.2925
11.166666666666666,82.2,133.7,27,0.2025
10.777777777777779,87.8,130.6,13,0.0975
10.166666666666664,92.7,107.3,36,0.27
11.944444444444445,92.9,92.7,24,0.18
12.111111111111109,84.9,140.6,11,0.0825
11.61111111111111,81.2,152.4,36,0.27
10.944444444444446,88.2,151.8,18,0.135
10.88888888888889,90.8,161.2,7,0.0525
9.722222222222221,87.4,173.2,24,0.18
10.666666666666668,83.4,158.8,24,0.18
10.222222222222221,83.5,177.6,14,0.105
10.944444444444446,86.7,126.3,21,0.1575
10.833333333333334,85.6,164.6,9,0.0675
10.388888888888891,80.7,152.2,34,0.255
10.166666666666664,88.4,163.1,8,0.06
10.833333333333334,82.7,172.7,23,0.1725
10.61111111111111,86.7,167.6,23,0.1725
9.944444444444445,89.7,154.5,15,0.11249999999999999
11.500000000000002,82.3,158.0,12,0.09
9.277777777777779,90.1,184.4,6,0.045
10.444444444444443,82.7,170.0,14,0.105
11.944444444444445,84.9,169.3,38,0.285
11.444444444444445,85.8,174.6,38,0.285
10.88888888888889,87.1,168.9,11,0.0825
12.388888888888888,76.4,181.9,32,0.24
14.000000000000002,68.3,189.7,19,0.1425
13.277777777777779,78.1,144.3,11,0.0825
14.11111111111111,84.1,185.3,29,0.2175
12.722222222222221,92.3,185.0,19,0.1425
12.777777777777779,96.2,111.8,21,0.1575
15.166666666666666,94.1,124.3,34,0.255
12.888888888888891,94.1,173.7,11,0.0825
13.944444444444445,74.5,184.2,28,0.21
16.11111111111111,87.2,100.0,29,0.2175
16.11111111111111,83.7,159.1,14,0.105
13.499999999999998,72.9,207.1,24,0.18
13.555555555555555,67.7,206.1,19,0.1425
14.333333333333334,66.3,214.8,6,0.045
14.944444444444445,57.9,213.0,5,0.0375
14.88888888888889,69.7,214.1,31,0.23249999999999998
15.166666666666666,73.7,214.0,20,0.15
15.555555555555555,79.1,189.2,17,0.1275
15.88888888888889,80.5,190.7,37,0.2775
16.666666666666668,76.4,213.3,33,0.24749999999999997
16.944444444444443,71.0,219.1,5,0.0375
17.27777777777778,63.5,224.5,14,0.105
17.166666666666668,62.1,224.3,20,0.15
19.222222222222218,59.8,214.7,30,0.22499999999999998
20.944444444444443,56.9,207.6,32,0.2506438888888889
20.944444444444443,72.4,176.8,17,0.13814388888888887
19.444444444444443,66.5,227.7,9,0.0675
18.944444444444443,51.6,222.3,6,0.045
16.833333333333332,51.3,237.2,21,0.1575
17.38888888888889,50.3,209.7,17,0.1275
18.333333333333332,44.9,232.6,15,0.11249999999999999
18.833333333333336,42.9,199.8,13,0.0975
18.77777777777778,51.6,208.1,29,0.2175
17.944444444444443,63.5,239.5,19,0.1425
19.055555555555557,59.5,242.9,20,0.15
21.611111111111114,56.7,200.3,15,0.13065722222222226
21.22222222222222,70.5,179.1,33,0.2612744444444444
19.388888888888893,62.4,189.9,17,0.1275
17.88888888888889,46.9,246.9,35,0.2625
16.666666666666668,49.7,254.0,37,0.2775
16.444444444444443,51.5,236.0,30,0.22499999999999998
18.72222222222222,51.3,252.3,38,0.285
19.88888888888889,50.7,257.0,36,0.27
19.055555555555557,53.4,262.3,17,0.1275
19.833333333333332,52.4,248.8,23,0.1725
23.166666666666668,47.5,255.5,26,0.23068833333333338
22.944444444444443,50.5,243.4,9,0.10068388888888888
22.333333333333332,54.9,233.7,19,0.1687966666666666
23.000000000000004,53.0,248.1,18,0.16881000000000002
21.38888888888889,45.6,274.4,22,0.18065277777777775
21.611111111111114,46.0,270.2,12,0.10815722222222225
21.888888888888893,49.0,260.9,33,0.2687877777777778
21.833333333333332,50.7,276.5,32,0.2606616666666666
23.000000000000004,49.2,275.0,15,0.14631
24.27777777777778,49.4,277.1,18,0.18321055555555557
23.055555555555557,62.3,263.4,36,0.30443611111111113
25.33333333333333,58.9,271.0,11,0.1426066666666666
26.5,51.2,277.7,16,0.19325499999999998
24.555555555555557,54.7,207.0,14,0.15634111111111113
24.944444444444446,58.7,278.5,34,0.31072388888888886
26.38888888888889,50.8,265.4,17,0.19950277777777775
28.944444444444443,44.3,272.1,15,0.21330388888888885
29.61111111111111,40.9,248.1,19,0.25081722222222225
28.72222222222222,51.4,264.6,37,0.37579944444444446
29.38888888888889,46.1,267.0,20,0.2558127777777778
28.77777777777778,44.4,280.8,17,0.22642555555555555
25.222222222222225,49.2,270.6,35,0.3213544444444445
26.11111111111111,36.0,288.3,31,0.30137222222222226
28.166666666666668,34.3,270.6,23,0.2645383333333334
29.72222222222222,31.4,275.7,31,0.3420694444444444
29.833333333333332,30.8,251.0,17,0.2383216666666666
28.61111111111111,29.2,301.3,32,0.3370472222222223
28.000000000000004,28.4,305.8,20,0.24015999999999998
28.944444444444443,29.0,297.4,29,0.31830388888888883
29.5,26.4,270.8,34,0.36206499999999997
29.555555555555557,28.6,301.7,9,0.17519111111111113
30.0,31.4,296.1,29,0.3302
30.88888888888889,31.5,297.1,35,0.38521777777777777
29.27777777777778,40.2,274.3,33,0.35206055555555554
26.38888888888889,57.9,238.3,11,0.15450277777777777
28.61111111111111,53.9,204.2,33,0.3445472222222222
29.944444444444443,38.9,286.7,28,0.3220738888888889
29.11111111111111,28.5,311.3,31,0.33518222222222227
30.88888888888889,26.7,292.4,37,0.4002177777777778
32.44444444444444,32.1,273.2,8,0.20024888888888887
30.88888888888889,36.2,282.6,39,0.4152177777777777
31.0,33.8,292.4,37,0.40147
31.0,31.9,293.3,23,0.29647
29.166666666666668,40.6,289.3,5,0.1408083333333334
29.61111111111111,41.5,312.9,13,0.20581722222222226
31.333333333333332,31.3,318.3,17,0.2552266666666666
31.72222222222222,34.0,289.5,32,0.3721094444444444
31.444444444444443,37.7,287.9,34,0.38397888888888887
31.166666666666668,31.7,290.2,5,0.16334833333333337
30.88888888888889,36.0,285.2,19,0.2652177777777777
29.72222222222222,30.2,328.1,22,0.2745694444444444
28.166666666666668,20.8,329.3,35,0.3545383333333334
28.666666666666668,25.1,330.7,36,0.3676733333333334
30.333333333333332,24.8,313.7,14,0.22145666666666658
32.666666666666664,24.1,305.1,11,0.2252533333333333
33.833333333333336,24.5,322.1,17,0.28340166666666666
34.111111111111114,27.9,306.3,28,0.3690322222222222
34.22222222222222,33.2,290.7,15,0.2727844444444444
32.22222222222222,50.3,309.3,30,0.3627444444444444
31.666666666666668,48.3,303.0,13,0.22898333333333337
32.55555555555556,49.0,300.6,10,0.21650111111111114
31.77777777777778,41.4,307.0,7,0.18523555555555554
33.0,41.2,263.8,7,0.19900999999999996
34.0,34.6,297.8,8,0.21778
33.833333333333336,30.1,320.6,26,0.35090166666666667
34.166666666666664,25.1,327.6,11,0.2421583333333333
35.05555555555556,29.7,328.6,11,0.25217611111111116
36.888888888888886,26.1,316.7,23,0.36283777777777776
37.111111111111114,26.0,321.9,28,0.4028422222222222
38.111111111111114,23.3,311.5,38,0.4891122222222222
37.888888888888886,23.3,320.7,23,0.3741077777777777
35.77777777777778,40.3,310.8,13,0.27531555555555554
36.0,44.1,306.1,39,0.47281999999999996
35.22222222222222,45.1,294.4,5,0.20905444444444443
35.44444444444444,43.8,295.0,11,0.2565588888888889
37.22222222222222,35.9,305.5,6,0.23909444444444444
37.888888888888886,27.0,326.2,13,0.29910777777777775
38.55555555555556,25.0,325.7,17,0.33662111111111115
38.55555555555556,23.8,331.1,7,0.26162111111111114
37.77777777777778,27.4,316.1,10,0.2753555555555556
39.05555555555556,23.0,316.7,34,0.46975611111111115
38.611111111111114,24.9,319.2,27,0.41224722222222226
36.5,27.4,291.7,37,0.463455
36.72222222222222,29.2,303.8,31,0.42095944444444444
37.166666666666664,29.1,308.8,22,0.3584683333333333
37.0,32.4,302.9,25,0.37909
37.833333333333336,28.3,302.2,8,0.26098166666666667
33.77777777777778,39.5,308.2,11,0.23777555555555557
35.666666666666664,29.9,302.8,28,0.38656333333333326
35.833333333333336,29.5,298.3,25,0.36594166666666667
36.0,25.3,325.0,18,0.31532
37.27777777777778,23.5,320.8,31,0.4272205555555555
37.166666666666664,24.1,317.9,26,0.3884683333333333
37.611111111111114,24.1,321.7,35,0.46097722222222226
38.77777777777778,23.4,307.9,37,0.4891255555555556
37.833333333333336,28.7,287.7,22,0.3659816666666667
38.27777777777778,27.8,304.9,34,0.46099055555555557
39.111111111111114,27.7,300.6,37,0.4928822222222223
39.5,28.8,283.3,16,0.339765
39.5,31.1,284.6,23,0.392265
38.94444444444444,33.2,297.3,12,0.30350388888888885
33.72222222222222,46.0,267.0,33,0.4021494444444444
31.833333333333332,60.4,254.6,37,0.4108616666666667
33.22222222222222,55.7,254.9,13,0.24651444444444442
33.44444444444444,59.3,275.8,31,0.3840188888888888
33.22222222222222,65.3,235.5,26,0.3440144444444444
33.833333333333336,63.3,235.4,27,0.35840166666666673
33.05555555555556,66.0,170.6,18,0.28213611111111114
30.666666666666668,79.4,124.7,38,0.40521333333333337
28.88888888888889,86.8,136.5,38,0.38517777777777773
30.333333333333332,84.1,169.4,6,0.16145666666666658
32.611111111111114,76.1,217.5,20,0.2921272222222222
32.111111111111114,72.6,179.4,14,0.24149222222222222
32.833333333333336,71.4,155.3,18,0.2796316666666667
29.555555555555557,87.2,105.7,32,0.3476911111111111
28.61111111111111,90.2,98.3,8,0.15704722222222225
29.61111111111111,87.4,146.9,35,0.37081722222222224
29.72222222222222,85.4,94.7,19,0.2520694444444444
29.833333333333332,76.4,155.2,22,0.27582166666666663
28.277777777777782,83.2,203.4,37,0.3707905555555557
29.555555555555557,87.0,229.8,19,0.25019111111111114
30.833333333333332,85.0,256.6,6,0.16709166666666658
33.333333333333336,73.3,255.2,36,0.4202666666666667
31.444444444444443,64.7,237.0,37,0.4064788888888889
30.27777777777778,78.0,205.5,20,0.26583055555555557
32.22222222222222,73.1,269.6,16,0.25774444444444444
31.333333333333332,79.3,206.6,32,0.36772666666666665
33.22222222222222,73.5,210.9,31,0.3815144444444444
32.666666666666664,77.1,245.1,21,0.30025333333333326
31.0,83.6,204.2,23,0.29647
31.5,82.9,223.8,35,0.39210500000000004
32.388888888888886,75.1,243.7,24,0.3196227777777777
32.666666666666664,77.0,225.7,38,0.42775333333333326
30.88888888888889,84.8,215.3,6,0.16771777777777774
31.444444444444443,84.5,226.7,22,0.2939788888888889
30.0,87.5,138.1,20,0.2627
31.166666666666668,83.8,213.7,13,0.22334833333333337
30.833333333333332,85.8,174.4,11,0.20459166666666662
31.27777777777778,85.7,168.5,19,0.26960055555555557
32.94444444444444,74.6,204.5,24,0.32588388888888886
33.55555555555556,70.6,240.9,16,0.27277111111111113
34.388888888888886,68.8,224.1,30,0.38716277777777774
31.833333333333332,78.7,98.4,32,0.3733616666666666
28.77777777777778,85.7,107.0,16,0.21892555555555554
29.72222222222222,86.3,186.1,7,0.16206944444444443
30.333333333333332,81.5,211.8,14,0.22145666666666658
30.5,77.8,197.0,20,0.268335
30.0,80.1,202.6,6,0.1577
29.944444444444443,80.1,160.4,28,0.3220738888888889
28.166666666666668,92.6,81.1,8,0.1520383333333334
28.555555555555557,89.7,190.0,10,0.17142111111111114
29.0,89.1,161.9,7,0.15392999999999998
28.88888888888889,90.0,166.8,5,0.13767777777777773
27.333333333333332,94.3,79.8,9,0.15014666666666662
27.444444444444446,95.2,72.0,15,0.19639888888888885
28.72222222222222,91.2,98.2,21,0.2557994444444444
30.61111111111111,83.8,145.7,39,0.4120872222222222
29.88888888888889,90.1,188.1,32,0.35144777777777775
30.055555555555557,86.1,168.4,19,0.2558261111111111
30.22222222222222,83.8,189.6,15,0.22770444444444443
30.77777777777778,81.2,168.5,29,0.3389655555555556
30.88888888888889,79.1,197.7,34,0.3777177777777777
28.555555555555557,86.5,136.1,17,0.22392111111111113
30.38888888888889,77.2,216.3,24,0.2970827777777777
31.0,76.2,225.5,14,0.22897
28.333333333333332,87.0,157.6,21,0.2514166666666666
30.27777777777778,82.2,214.3,34,0.37083055555555555
30.38888888888889,79.0,234.1,32,0.35708277777777775
29.944444444444443,82.0,200.3,31,0.34457388888888885
28.5,86.0,163.0,7,0.14829499999999998
28.000000000000004,88.5,179.4,6,0.13516
26.999999999999996,95.6,131.4,34,0.33389
29.38888888888889,82.8,231.3,28,0.3158127777777777
30.833333333333332,80.1,233.7,35,0.3845916666666666
31.666666666666668,76.9,221.4,7,0.18398333333333336
29.333333333333332,86.5,151.0,8,0.1651866666666666
30.833333333333332,79.1,189.3,35,0.3845916666666666
27.055555555555557,90.6,172.5,38,0.3645161111111111
28.277777777777782,85.4,167.6,9,0.16079055555555566
28.111111111111107,87.4,149.9,10,0.16641222222222218
27.444444444444446,88.7,129.4,16,0.20389888888888885
27.16666666666667,95.1,163.0,28,0.2907683333333334
28.833333333333332,89.8,186.4,39,0.3920516666666666
28.111111111111107,88.1,183.7,36,0.3614122222222222
28.388888888888886,87.0,113.8,38,0.3795427777777777
26.11111111111111,95.4,24.7,25,0.2563722222222222
24.0,98.2,45.6,16,0.16508
26.5,88.6,144.8,35,0.335755
28.22222222222222,81.1,223.4,18,0.22766444444444445
28.944444444444443,78.3,234.7,24,0.28080388888888885
29.055555555555557,78.1,176.7,5,0.13955611111111113
25.777777777777782,90.1,70.0,37,0.3426155555555557
26.722222222222218,88.8,182.5,38,0.3607594444444443
29.055555555555557,76.4,201.4,29,0.31955611111111115
30.0,75.8,179.9,21,0.2702
30.88888888888889,74.6,182.5,37,0.4002177777777778
30.944444444444443,78.6,233.8,35,0.3858438888888889
31.666666666666668,75.7,222.0,25,0.3189833333333334
30.944444444444443,77.6,168.8,38,0.40834388888888884
29.666666666666668,78.9,186.9,31,0.3414433333333334
29.333333333333332,75.6,156.6,29,0.32268666666666657
27.88888888888889,77.7,166.9,12,0.17890777777777772
28.77777777777778,77.5,193.2,30,0.3239255555555555
29.38888888888889,77.5,207.9,32,0.34581277777777775
29.666666666666668,77.6,222.6,8,0.1689433333333334
30.72222222222222,67.5,229.3,27,0.32333944444444446
30.333333333333332,61.7,234.9,21,0.2739566666666666
30.333333333333332,66.1,230.8,21,0.2739566666666666
30.166666666666668,67.7,224.1,20,0.26457833333333336
29.944444444444443,61.0,223.1,34,0.36707388888888887
29.22222222222222,66.3,227.8,15,0.21643444444444443
28.77777777777778,64.2,208.7,10,0.17392555555555556
28.166666666666668,64.6,224.8,26,0.2870383333333334
27.77777777777778,60.2,225.9,30,0.3126555555555555
26.833333333333332,61.6,227.9,23,0.24951166666666658
27.11111111111111,59.7,226.1,14,0.18514222222222226
27.5,53.3,214.3,27,0.28702500000000003
26.999999999999996,52.7,223.0,22,0.24389
26.5,53.9,220.0,6,0.11825499999999999
27.055555555555557,55.4,207.8,30,0.3045161111111111
27.88888888888889,55.6,208.9,37,0.3664077777777778
27.944444444444443,54.3,213.4,28,0.2995338888888889
28.277777777777782,54.5,212.2,24,0.27329055555555565
27.88888888888889,64.1,207.8,6,0.13390777777777774
27.22222222222222,69.4,199.9,35,0.34389444444444445
26.833333333333332,67.8,207.0,15,0.18951166666666658
26.611111111111114,67.0,203.0,35,0.33700722222222224
26.5,60.3,208.8,30,0.29825499999999994
25.611111111111107,61.8,206.8,23,0.23573722222222215
25.833333333333332,58.3,205.5,18,0.20074166666666662
26.666666666666668,68.6,199.9,27,0.2776333333333334
27.11111111111111,65.2,188.8,10,0.15514222222222224
27.61111111111111,67.3,195.9,31,0.3182772222222222
28.111111111111107,61.4,197.0,30,0.31641222222222215
26.944444444444443,63.9,198.2,28,0.2882638888888889
25.11111111111111,55.2,200.8,13,0.15510222222222225
25.0,56.8,198.1,20,0.20634999999999998
24.333333333333332,58.6,193.9,38,0.33383666666666656
23.833333333333336,63.7,192.7,23,0.21570166666666668
24.27777777777778,64.5,187.9,12,0.13821055555555556
24.27777777777778,66.5,183.8,14,0.15321055555555557
24.66666666666667,68.6,175.5,39,0.34509333333333336
24.388888888888893,72.0,175.5,15,0.16196277777777782
24.944444444444446,70.7,157.1,23,0.22822388888888887
24.499999999999996,73.7,177.2,20,0.20071499999999998
24.555555555555557,72.3,165.2,19,0.19384111111111113
24.555555555555557,65.3,177.4,24,0.2313411111111111
21.27777777777778,84.3,176.0,36,0.2844005555555556
22.11111111111111,74.5,176.8,10,0.09879222222222225
22.666666666666668,66.7,175.7,10,0.10505333333333339
21.999999999999996,67.8,176.8,21,0.18004
20.27777777777778,76.6,162.4,37,0.2806305555555556
18.277777777777782,85.6,166.6,7,0.0525
18.166666666666668,70.9,178.6,17,0.1275
18.388888888888886,64.2,179.1,6,0.045
18.166666666666668,59.5,178.5,38,0.285
18.5,66.6,160.4,39,0.2925
19.61111111111111,64.4,170.1,9,0.0675
20.27777777777778,59.7,171.2,12,0.09313055555555556
19.111111111111114,69.7,170.3,8,0.06
18.61111111111111,66.0,172.0,10,0.075
18.444444444444443,61.1,172.9,19,0.1425
17.88888888888889,63.1,172.5,22,0.165
17.555555555555557,64.7,169.9,21,0.1575
17.72222222222222,66.7,167.8,11,0.0825
18.555555555555557,64.1,164.2,32,0.24
18.555555555555557,67.9,166.7,39,0.2925
18.72222222222222,66.7,166.1,35,0.2625
18.666666666666664,58.4,167.0,6,0.045
16.666666666666668,51.5,170.8,15,0.11249999999999999
16.38888888888889,53.2,169.2,16,0.12
15.61111111111111,54.9,168.7,5,0.0375
16.11111111111111,58.2,152.2,7,0.0525
14.666666666666666,69.8,161.4,21,0.1575
13.88888888888889,62.0,168.2,36,0.27
13.222222222222221,48.2,170.6,24,0.18
13.277777777777779,56.7,169.2,30,0.22499999999999998
14.000000000000002,54.4,170.9,29,0.2175
13.833333333333334,50.8,169.1,26,0.195
13.166666666666668,56.7,169.7,17,0.1275
12.777777777777779,68.5,168.6,17,0.1275
13.666666666666666,70.8,166.4,35,0.2625
12.722222222222221,78.7,166.7,38,0.285
13.333333333333334,73.6,164.4,29,0.2175
15.055555555555555,74.9,149.8,37,0.2775
14.555555555555555,74.0,163.3,27,0.2025
15.0,71.2,162.8,22,0.165
14.5,78.4,96.3,31,0.23249999999999998
14.88888888888889,80.8,140.2,19,0.1425
14.5,82.4,157.0,32,0.24
15.333333333333334,76.8,162.4,27,0.2025
14.555555555555555,94.3,42.0,31,0.23249999999999998
14.833333333333334,96.2,35.2,25,0.1875
13.333333333333334,93.5,129.3,9,0.0675
11.38888888888889,92.9,149.1,9,0.0675
11.722222222222221,86.1,109.8,31,0.23249999999999998
10.444444444444443,90.8,166.8,31,0.23249999999999998
10.5,90.9,160.0,31,0.23249999999999998
12.055555555555557,91.0,155.2,6,0.045
12.666666666666664,92.8,168.4,26,0.195
12.0,89.0,130.3,24,0.18
12.611111111111112,90.6,111.9,11,0.0825
12.333333333333336,92.8,159.5,12,0.09
12.777777777777779,80.3,171.9,35,0.2625
13.166666666666668,77.4,173.2,25,0.1875
11.777777777777779,90.3,170.2,24,0.18
12.166666666666666,93.1,134.6,13,0.0975
12.611111111111112,91.4,104.9,21,0.1575
12.611111111111112,90.4,173.0,24,0.18
12.944444444444443,87.3,176.8,14,0.105
11.944444444444445,93.2,124.1,15,0.11249999999999999
13.555555555555555,89.1,137.4,9,0.0675
11.833333333333332,90.9,181.4,31,0.23249999999999998
13.833333333333334,84.8,138.5,19,0.1425
16.72222222222222,78.9,174.4,8,0.06
16.72222222222222,78.6,179.4,21,0.1575
16.055555555555557,74.6,181.9,5,0.0375
16.055555555555557,76.9,183.7,7,0.0525
17.11111111111111,71.5,180.4,16,0.12
15.61111111111111,67.5,189.8,15,0.11249999999999999
14.722222222222221,60.4,194.9,35,0.2625
14.38888888888889,60.6,197.5,24,0.18
14.166666666666666,67.3,197.7,7,0.0525
14.555555555555555,65.3,197.9,14,0.105
15.777777777777779,71.6,192.9,11,0.0825
17.166666666666668,76.3,190.8,28,0.21
17.444444444444443,81.2,191.4,11,0.0825
16.666666666666668,86.6,182.3,22,0.165
15.5,85.5,194.1,21,0.1575
15.61111111111111,72.3,204.2,27,0.2025
18.444444444444443,66.5,127.4,34,0.255
16.11111111111111,70.8,206.2,12,0.09
16.27777777777778,59.0,212.1,23,0.1725
15.055555555555555,54.9,212.1,8,0.06
16.27777777777778,53.3,208.5,34,0.255
16.944444444444443,60.3,209.9,11,0.0825
18.277777777777782,63.2,195.2,21,0.1575
19.388888888888893,60.3,210.1,12,0.09
18.444444444444443,59.9,216.1,6,0.045
17.83333333333333,52.1,221.6,18,0.135
17.38888888888889,51.2,216.1,13,0.0975
18.666666666666664,52.7,206.2,32,0.24
19.72222222222222,59.8,199.2,6,0.045
19.833333333333332,60.8,221.0,13,0.0975
20.222222222222225,58.1,212.4,15,0.1150044444444445
19.72222222222222,56.9,196.0,16,0.12
20.444444444444443,68.6,170.6,16,0.12500888888888886
19.555555555555557,65.7,210.3,37,0.2775
17.444444444444443,75.0,218.3,37,0.2775
18.277777777777782,66.5,231.1,31,0.23249999999999998
18.88888888888889,68.9,233.7,19,0.1425
19.88888888888889,63.0,200.5,7,0.0525
23.5,57.1,204.2,38,0.324445
21.833333333333332,63.8,103.4,28,0.2306616666666666
21.38888888888889,67.9,145.1,34,0.27065277777777774
21.611111111111114,76.2,184.9,25,0.20565722222222227
20.166666666666668,61.4,246.4,25,0.1893783333333334
20.888888888888886,50.3,242.2,32,0.2500177777777777
21.0,55.9,247.5,29,0.22877
17.555555555555557,50.6,259.7,37,0.2775
18.72222222222222,41.6,258.0,10,0.075
19.88888888888889,48.7,255.3,13,0.0975
21.611111111111114,50.5,258.6,19,0.16065722222222226
23.72222222222222,51.6,253.0,30,0.2669494444444444
24.444444444444443,50.2,242.2,39,0.34258888888888883
25.500000000000004,53.3,240.9,22,0.226985
24.444444444444443,63.2,252.3,9,0.11758888888888887
25.33333333333333,56.8,249.0,32,0.3001066666666666
25.444444444444443,56.1,242.0,36,0.33135888888888887
24.88888888888889,50.7,244.6,13,0.15259777777777775
23.833333333333336,55.1,249.3,22,0.2082016666666667
22.77777777777778,59.4,255.5,23,0.20380555555555555
22.555555555555554,57.4,273.1,21,0.18630111111111114
23.944444444444443,49.6,267.7,22,0.20945388888888888
25.11111111111111,47.6,265.3,24,0.23760222222222224
24.0,49.7,277.3,15,0.15758
24.333333333333332,49.5,264.4,18,0.18383666666666662
25.222222222222225,45.2,281.1,20,0.2088544444444445
26.11111111111111,43.3,280.8,39,0.3613722222222222
27.555555555555554,38.5,281.4,18,0.22015111111111113
29.22222222222222,36.7,282.8,30,0.3289344444444444
28.944444444444443,36.9,270.5,17,0.22830388888888886
25.27777777777778,33.8,294.9,28,0.26948055555555556
22.38888888888889,28.3,255.8,32,0.26692277777777773
24.055555555555557,30.4,298.2,31,0.2782061111111111
25.444444444444443,31.5,298.8,28,0.27135888888888887
25.944444444444443,29.6,301.8,35,0.32949388888888886
26.444444444444443,32.9,301.5,19,0.21512888888888887
28.333333333333332,30.5,294.1,31,0.3264166666666666
29.61111111111111,26.7,296.8,21,0.26581722222222226
28.166666666666668,32.5,300.6,11,0.17453833333333338
28.944444444444443,34.6,299.0,22,0.26580388888888884
31.166666666666668,33.5,294.8,30,0.3508483333333333
32.27777777777778,33.5,294.2,13,0.23587055555555556
33.333333333333336,39.1,279.3,13,0.24776666666666666
32.22222222222222,35.8,256.6,24,0.3177444444444444
27.16666666666667,58.1,268.3,30,0.30576833333333336
26.944444444444443,52.9,277.6,17,0.20576388888888886
29.333333333333332,40.2,266.4,36,0.3751866666666666
29.77777777777778,43.4,296.2,26,0.30519555555555555
30.72222222222222,41.0,272.0,17,0.24833944444444445
31.77777777777778,39.7,272.3,23,0.30523555555555554
33.05555555555556,36.3,287.1,37,0.42463611111111116
32.22222222222222,45.6,298.0,30,0.3627444444444444
31.666666666666668,47.4,285.5,26,0.32648333333333335
32.44444444444444,46.9,267.5,22,0.3052488888888889
32.888888888888886,30.7,304.5,22,0.31025777777777774
31.166666666666668,18.1,326.1,5,0.16334833333333337
30.833333333333332,19.8,326.6,31,0.3545916666666666
32.05555555555556,19.7,323.0,13,0.2333661111111111
32.666666666666664,22.6,323.3,17,0.2702533333333333
32.27777777777778,23.9,291.2,15,0.25087055555555554
33.166666666666664,21.4,305.1,24,0.3283883333333333
32.94444444444444,29.2,306.7,7,0.19838388888888886
30.666666666666668,42.4,310.8,39,0.4127133333333334
31.333333333333332,45.3,302.3,31,0.3602266666666666
32.166666666666664,47.3,287.7,16,0.2571183333333333
25.38888888888889,70.8,273.3,6,0.10573277777777773
28.166666666666668,63.9,292.7,6,0.13703833333333337
30.27777777777778,53.9,276.5,16,0.23583055555555554
27.666666666666668,56.9,257.5,21,0.2439033333333334
29.0,55.0,279.0,34,0.35643
29.27777777777778,57.5,262.4,19,0.24706055555555556
30.61111111111111,54.2,262.3,14,0.22458722222222224
30.944444444444443,53.9,274.4,10,0.19834388888888888
29.77777777777778,61.3,263.9,24,0.29019555555555554
31.166666666666668,53.1,310.4,15,0.23834833333333336
32.44444444444444,38.3,305.5,21,0.29774888888888884
31.555555555555557,40.9,310.3,33,0.3777311111111111
32.72222222222222,39.3,317.8,34,0.3983794444444444
33.94444444444444,31.8,326.4,10,0.23215388888888888
33.77777777777778,37.7,311.2,28,0.3652755555555556
33.666666666666664,37.6,290.9,36,0.4240233333333333
35.05555555555556,38.7,311.5,22,0.3346761111111112
34.05555555555556,54.5,305.8,8,0.2184061111111111
34.77777777777778,52.1,314.2,13,0.26404555555555553
33.5,56.2,302.1,22,0.317145
29.38888888888889,59.2,282.1,18,0.24081277777777776
31.72222222222222,58.3,304.6,5,0.16960944444444442
33.611111111111114,52.4,285.9,10,0.22839722222222225
26.944444444444443,78.1,246.2,29,0.2957638888888888
29.833333333333332,73.5,261.8,15,0.22332166666666659
32.0,63.4,264.8,27,0.33774000000000004
33.55555555555556,61.5,288.3,26,0.34777111111111114
32.833333333333336,56.9,259.5,11,0.22713166666666668
31.055555555555557,54.2,259.5,30,0.3495961111111111
32.0,49.5,294.7,19,0.27774
29.944444444444443,55.9,254.3,21,0.2695738888888889
30.055555555555557,52.6,281.1,17,0.24082611111111113
29.166666666666668,52.5,273.3,9,0.1708083333333334
29.11111111111111,55.0,248.1,17,0.23018222222222226
30.61111111111111,48.4,278.9,8,0.17958722222222223
32.5,49.5,281.8,8,0.200875
34.22222222222222,45.6,301.7,32,0.40028444444444444
36.27777777777778,40.6,300.2,7,0.23595055555555552
37.0,34.7,314.8,30,0.41658999999999996
36.94444444444444,27.1,319.9,30,0.4159638888888888
37.27777777777778,35.3,312.9,11,0.2772205555555555
36.888888888888886,49.7,295.4,5,0.22783777777777778
35.333333333333336,54.3,276.5,19,0.3153066666666667
35.72222222222222,54.9,290.9,33,0.4246894444444444
32.05555555555556,62.7,252.0,37,0.4133661111111111
31.5,65.4,163.9,27,0.332105
29.27777777777778,81.0,153.6,30,0.3295605555555555
29.555555555555557,80.5,167.5,8,0.16769111111111112
31.166666666666668,72.5,187.4,12,0.21584833333333336
30.444444444444443,75.5,158.0,10,0.19270888888888887
31.77777777777778,72.5,220.1,30,0.35773555555555553
32.0,71.4,232.4,31,0.36773999999999996
31.72222222222222,72.5,199.6,12,0.22210944444444441
31.27777777777778,77.1,231.9,30,0.3521005555555555
31.333333333333332,80.4,137.3,27,0.33022666666666667
32.94444444444444,67.9,225.8,10,0.22088388888888888
33.5,63.0,224.0,13,0.24964499999999998
30.72222222222222,74.4,212.5,10,0.19583944444444443
28.333333333333332,85.9,120.0,16,0.21391666666666662
27.555555555555554,90.4,120.3,8,0.14515111111111112
29.666666666666668,80.3,165.7,38,0.39394333333333337
31.444444444444443,74.5,224.6,13,0.22647888888888887
32.0,73.5,194.7,21,0.29274
30.833333333333332,78.9,203.8,20,0.2720916666666666
31.72222222222222,76.0,207.8,31,0.36460944444444443
31.11111111111111,79.9,180.7,39,0.4177222222222222
28.833333333333332,81.0,150.7,30,0.32455166666666657
31.833333333333332,72.7,213.7,27,0.3358616666666666
29.11111111111111,80.9,181.8,11,0.18518222222222225
26.833333333333332,91.5,92.1,38,0.36201166666666657
28.88888888888889,84.3,191.7,33,0.3476777777777777
29.444444444444443,83.2,240.1,23,0.27893888888888885
28.944444444444443,84.5,182.0,37,0.3783038888888889
28.166666666666668,87.6,167.3,10,0.16703833333333337
28.833333333333332,82.3,189.6,16,0.21955166666666662
29.166666666666668,85.3,171.5,24,0.2833083333333334
29.333333333333332,80.7,78.6,30,0.3301866666666666
28.555555555555557,84.5,224.2,13,0.19392111111111113
29.833333333333332,74.0,212.0,11,0.19332166666666661
30.88888888888889,70.8,222.0,14,0.22771777777777774
29.555555555555557,80.6,72.5,20,0.2576911111111111
28.72222222222222,86.6,164.1,5,0.13579944444444442
28.666666666666668,87.1,78.4,28,0.30767333333333335
31.11111111111111,74.6,243.7,34,0.38022222222222224
32.44444444444444,70.7,248.0,15,0.25274888888888886
31.5,72.4,189.4,6,0.174605
31.944444444444443,72.1,212.1,14,0.23961388888888885
31.166666666666668,77.2,225.3,34,0.38084833333333334
28.333333333333332,90.4,134.3,18,0.22891666666666663
28.5,90.5,97.7,38,0.380795
27.16666666666667,96.2,69.0,34,0.3357683333333334
28.5,85.5,115.1,22,0.260795
29.333333333333332,82.2,148.7,31,0.3376866666666666
29.444444444444443,83.1,149.8,15,0.21893888888888885
29.944444444444443,77.1,99.0,13,0.20957388888888887
29.444444444444443,77.5,117.0,29,0.3239388888888889
30.27777777777778,74.0,207.8,17,0.24333055555555555
31.11111111111111,69.7,243.4,27,0.32772222222222225
31.444444444444443,65.1,214.5,12,0.21897888888888886
26.444444444444443,94.8,41.9,33,0.32012888888888885
29.5,80.2,153.2,17,0.234565
30.61111111111111,73.2,148.5,7,0.17208722222222225
29.27777777777778,81.1,190.8,36,0.37456055555555556
31.055555555555557,72.9,180.3,10,0.1995961111111111
27.22222222222222,92.4,83.6,28,0.2913944444444444
28.111111111111107,89.1,167.6,37,0.3689122222222222
29.61111111111111,84.0,190.6,18,0.24331722222222224
29.333333333333332,83.4,183.6,36,0.3751866666666666
30.11111111111111,79.4,197.9,29,0.33145222222222226
29.944444444444443,79.8,237.9,14,0.21707388888888884
30.77777777777778,75.0,229.7,8,0.18146555555555555
30.666666666666668,76.7,220.0,39,0.4127133333333334
29.72222222222222,82.2,156.5,24,0.28956944444444443
28.77777777777778,85.6,153.0,32,0.33892555555555554
28.22222222222222,86.6,176.1,16,0.21266444444444443
27.38888888888889,89.7,65.2,20,0.23327277777777772
27.277777777777775,92.6,136.0,23,0.25452055555555547
27.5,92.1,181.0,5,0.122025
30.0,82.8,173.4,24,0.29269999999999996
28.22222222222222,91.5,141.8,28,0.3026644444444444
29.38888888888889,81.6,156.5,6,0.15081277777777774
27.722222222222225,85.4,69.8,5,0.12452944444444453
25.777777777777782,92.3,58.8,21,0.22261555555555565
26.166666666666664,93.3,65.1,35,0.3319983333333333
26.444444444444443,91.2,129.2,7,0.12512888888888887
28.055555555555557,85.7,214.1,20,0.24078611111111112
28.5,83.2,167.9,18,0.230795
29.77777777777778,78.2,142.5,26,0.30519555555555555
28.88888888888889,82.0,190.8,21,0.25767777777777773
30.055555555555557,73.8,210.9,10,0.18832611111111114
30.27777777777778,76.4,220.9,37,0.39333055555555557
30.0,75.6,235.4,29,0.3302
29.555555555555557,70.7,224.9,33,0.3551911111111111
29.555555555555557,69.6,217.0,38,0.3926911111111111
30.61111111111111,67.2,181.2,11,0.20208722222222225
30.77777777777778,68.2,219.1,17,0.24896555555555555
31.055555555555557,64.3,233.7,13,0.2220961111111111
30.944444444444443,68.1,224.1,24,0.30334388888888886
29.88888888888889,75.8,214.5,18,0.24644777777777777
29.0,80.3,204.9,34,0.35643
30.833333333333332,71.4,209.8,36,0.3920916666666666
30.72222222222222,69.4,227.9,25,0.30833944444444444
30.22222222222222,66.6,233.3,38,0.4002044444444444
30.555555555555557,64.8,220.4,12,0.20896111111111113
30.27777777777778,58.6,244.5,30,0.3408305555555555
29.72222222222222,62.1,247.0,10,0.18456944444444442
29.88888888888889,63.3,244.0,31,0.34394777777777774
30.22222222222222,65.8,245.4,33,0.3627044444444444
31.833333333333332,64.1,235.5,15,0.24586166666666662
31.77777777777778,67.8,204.6,31,0.36523555555555554
31.38888888888889,67.6,204.2,36,0.3983527777777778
27.722222222222225,83.2,186.3,21,0.24452944444444452
28.444444444444443,79.9,185.4,9,0.1626688888888889
28.555555555555557,81.0,177.2,23,0.2689211111111111
28.444444444444443,78.5,190.4,35,0.3576688888888889
29.166666666666668,73.5,214.9,22,0.26830833333333337
28.88888888888889,74.5,215.7,10,0.1751777777777777
23.444444444444443,89.1,110.1,29,0.2563188888888889
23.22222222222222,88.5,123.4,8,0.09631444444444442
22.722222222222225,86.6,165.8,14,0.13567944444444452
24.111111111111114,77.4,214.2,28,0.25633222222222224
23.72222222222222,72.9,216.3,29,0.2594494444444444
24.111111111111114,73.8,209.8,24,0.22633222222222227
25.33333333333333,70.5,226.2,20,0.2101066666666666
25.222222222222225,69.0,224.7,19,0.2013544444444445
25.38888888888889,62.8,225.9,6,0.10573277777777773
24.88888888888889,63.4,221.6,35,0.31759777777777776
24.72222222222222,64.7,222.5,15,0.16571944444444442
25.055555555555554,68.5,216.3,9,0.12447611111111112
25.888888888888886,69.2,199.1,32,0.30636777777777774
26.166666666666664,69.9,192.2,39,0.3619983333333333
26.444444444444443,68.8,198.6,38,0.35762888888888883
26.666666666666668,67.3,165.0,19,0.21763333333333337
25.555555555555557,72.7,192.2,22,0.22761111111111115
24.222222222222218,65.8,211.2,18,0.18258444444444435
23.555555555555557,64.9,208.1,22,0.20507111111111115
23.833333333333336,63.5,206.3,28,0.25320166666666666
24.166666666666668,61.3,208.0,8,0.10695833333333338
23.277777777777782,68.5,150.5,17,0.16444055555555565
22.83333333333333,71.0,143.1,28,0.2419316666666666
23.22222222222222,73.8,185.4,10,0.11131444444444444
23.666666666666664,81.6,89.2,14,0.1463233333333333
24.66666666666667,81.3,150.5,21,0.21009333333333338
23.88888888888889,76.4,191.7,28,0.25382777777777776
23.166666666666668,64.4,197.8,27,0.2381883333333334
22.88888888888889,55.0,200.9,6,0.07755777777777774
23.61111111111111,60.0,167.2,9,0.10819722222222225
23.88888888888889,68.7,188.6,8,0.10382777777777774
20.222222222222225,55.2,203.2,10,0.07750444444444451
19.555555555555557,60.1,198.7,27,0.2025
18.555555555555557,56.6,200.9,28,0.21
18.77777777777778,56.7,198.0,19,0.1425
18.333333333333332,61.3,195.9,7,0.0525
18.388888888888886,62.0,194.4,14,0.105
18.72222222222222,59.2,193.1,32,0.24
17.77777777777778,70.2,191.4,33,0.24749999999999997
17.72222222222222,61.1,190.4,20,0.15
18.000000000000004,61.7,189.7,15,0.11249999999999999
17.88888888888889,60.4,189.1,27,0.2025
17.333333333333332,61.7,185.2,32,0.24
17.27777777777778,68.8,180.9,5,0.0375
18.388888888888886,69.7,178.3,15,0.11249999999999999
19.0,71.4,176.7,33,0.24749999999999997
18.88888888888889,72.6,171.8,13,0.0975
18.055555555555557,72.0,172.9,19,0.1425
17.61111111111111,69.7,174.7,37,0.2775
17.166666666666668,69.7,174.4,19,0.1425
16.333333333333332,68.7,175.8,37,0.2775
16.11111111111111,65.7,175.4,19,0.1425
16.555555555555557,67.3,175.4,15,0.11249999999999999
16.61111111111111,70.4,168.9,6,0.045
17.444444444444443,63.7,167.9,39,0.2925
15.777777777777779,61.8,166.9,39,0.2925
15.555555555555555,61.3,175.2,8,0.06
16.944444444444443,63.9,166.5,6,0.045
14.833333333333334,65.8,173.9,16,0.12
13.833333333333334,66.2,172.3,15,0.11249999999999999
13.722222222222223,66.8,169.2,31,0.23249999999999998
14.833333333333334,64.6,166.3,18,0.135
15.277777777777779,65.5,166.0,39,0.2925
16.38888888888889,61.6,166.7,29,0.2175
16.166666666666668,60.1,169.2,15,0.11249999999999999
16.166666666666668,61.5,166.4,37,0.2775
16.0,68.6,164.4,13,0.0975
16.0,68.9,162.9,31,0.23249999999999998
16.61111111111111,72.7,157.9,16,0.12
16.27777777777778,82.2,154.3,25,0.1875
14.833333333333334,83.8,163.9,10,0.075
15.555555555555555,73.1,164.2,15,0.11249999999999999
15.666666666666666,74.0,163.5,27,0.2025
13.666666666666666,90.0,153.3,29,0.2175
13.277777777777779,88.2,160.3,34,0.255
11.88888888888889,90.6,151.4,28,0.21
13.277777777777779,90.2,114.4,34,0.255
14.333333333333334,85.1,114.7,25,0.1875
14.5,85.0,161.2,9,0.0675
14.555555555555555,75.3,164.4,6,0.045
14.166666666666666,68.6,165.2,13,0.0975
14.333333333333334,74.5,144.7,13,0.0975
13.88888888888889,78.7,150.7,38,0.285
13.833333333333334,80.0,156.2,37,0.2775
12.944444444444443,89.3,137.7,14,0.105
12.777777777777779,85.3,147.1,22,0.165
10.999999999999998,93.8,134.1,12,0.09
12.888888888888891,88.9,102.5,20,0.15
13.499999999999998,81.4,135.3,7,0.0525
12.166666666666666,81.1,121.5,26,0.195
11.722222222222221,83.7,128.5,11,0.0825
11.777777777777779,81.0,165.8,5,0.0375
10.333333333333334,91.2,161.6,9,0.0675
10.666666666666668,85.7,168.2,23,0.1725
10.055555555555555,82.7,141.0,34,0.255
11.777777777777779,78.1,135.6,19,0.1425
10.555555555555555,79.5,171.7,10,0.075
9.5,80.6,177.3,12,0.09
9.833333333333336,72.1,179.3,25,0.1875
11.11111111111111,72.1,178.6,14,0.105
9.833333333333336,78.4,178.0,26,0.195
9.611111111111109,82.9,142.7,32,0.24
11.944444444444445,71.9,176.4,27,0.2025
14.222222222222221,74.3,154.2,7,0.0525
14.944444444444445,79.4,171.9,26,0.195
16.333333333333332,70.4,167.4,35,0.2625
15.277777777777779,74.7,179.6,14,0.105
15.0,73.4,184.5,34,0.255
16.444444444444443,69.8,185.5,29,0.2175
15.555555555555555,84.9,85.8,21,0.1575
12.666666666666664,59.7,156.8,8,0.06
10.999999999999998,69.0,190.7,17,0.1275
12.666666666666664,67.9,190.3,38,0.285
13.11111111111111,86.3,118.8,30,0.22499999999999998
14.5,90.2,113.5,39,0.2925
12.611111111111112,91.4,191.8,30,0.22499999999999998
13.833333333333334,78.9,154.5,10,0.075
14.333333333333334,80.9,174.2,24,0.18
16.11111111111111,70.8,206.2,16,0.12
16.27777777777778,59.0,212.1,26,0.195
15.055555555555555,54.9,212.1,8,0.06
16.27777777777778,53.3,208.5,11,0.0825
16.944444444444443,60.3,209.9,17,0.1275
18.277777777777782,63.2,195.2,33,0.24749999999999997
19.388888888888893,60.3,210.1,12,0.09
18.444444444444443,59.9,216.1,18,0.135
17.83333333333333,52.1,221.6,14,0.105
17.38888888888889,51.2,216.1,8,0.06
18.666666666666664,52.7,206.2,25,0.1875
19.72222222222222,59.8,199.2,27,0.2025
19.833333333333332,60.8,221.0,39,0.2925
20.222222222222225,58.1,212.4,32,0.2425044444444445
19.72222222222222,56.9,196.0,24,0.18
20.444444444444443,68.6,170.6,10,0.08000888888888887
19.555555555555557,65.7,210.3,19,0.1425
17.444444444444443,75.0,218.3,39,0.2925
18.277777777777782,66.5,231.1,18,0.135
18.88888888888889,68.9,233.7,28,0.21
19.88888888888889,63.0,200.5,35,0.2625
23.5,57.1,204.2,33,0.28694499999999995
21.833333333333332,63.8,103.4,30,0.24566166666666658
21.38888888888889,67.9,145.1,9,0.08315277777777774
21.611111111111114,76.2,184.9,32,0.25815722222222226
20.166666666666668,61.4,246.4,34,0.2568783333333334
20.888888888888886,50.3,242.2,8,0.07001777777777773
21.0,55.9,247.5,34,0.26627
17.555555555555557,50.6,259.7,11,0.0825
18.72222222222222,41.6,258.0,25,0.1875
19.88888888888889,48.7,255.3,27,0.2025
21.611111111111114,50.5,258.6,30,0.24315722222222225
23.72222222222222,51.6,253.0,15,0.15444944444444442
24.444444444444443,50.2,242.2,35,0.31258888888888886
25.500000000000004,53.3,240.9,27,0.264485
24.444444444444443,63.2,252.3,16,0.17008888888888885
25.33333333333333,56.8,249.0,12,0.1501066666666666
25.444444444444443,56.1,242.0,16,0.18135888888888885
24.88888888888889,50.7,244.6,34,0.31009777777777775
23.833333333333336,55.1,249.3,35,0.3057016666666667
22.77777777777778,59.4,255.5,39,0.32380555555555557
22.555555555555554,57.4,273.1,10,0.10380111111111112
23.944444444444443,49.6,267.7,13,0.14195388888888888
25.11111111111111,47.6,265.3,24,0.23760222222222224
24.0,49.7,277.3,18,0.18008000000000002
24.333333333333332,49.5,264.4,13,0.14633666666666661
25.222222222222225,45.2,281.1,6,0.1038544444444445
26.11111111111111,43.3,280.8,30,0.2938722222222222
27.555555555555554,38.5,281.4,10,0.16015111111111113
29.22222222222222,36.7,282.8,35,0.36643444444444445
28.944444444444443,36.9,270.5,11,0.18330388888888888
25.27777777777778,33.8,294.9,28,0.26948055555555556
22.38888888888889,28.3,255.8,22,0.19192277777777775
24.055555555555557,30.4,298.2,31,0.2782061111111111
25.444444444444443,31.5,298.8,38,0.3463588888888888
25.944444444444443,29.6,301.8,15,0.17949388888888884
26.444444444444443,32.9,301.5,6,0.11762888888888887
28.333333333333332,30.5,294.1,14,0.19891666666666663
29.61111111111111,26.7,296.8,7,0.16081722222222225
28.166666666666668,32.5,300.6,22,0.25703833333333337
28.944444444444443,34.6,299.0,38,0.38580388888888884
31.166666666666668,33.5,294.8,39,0.4183483333333333
32.27777777777778,33.5,294.2,12,0.22837055555555555
33.333333333333336,39.1,279.3,33,0.3977666666666666
32.22222222222222,35.8,256.6,18,0.27274444444444446
27.16666666666667,58.1,268.3,15,0.19326833333333338
26.944444444444443,52.9,277.6,8,0.13826388888888885
29.333333333333332,40.2,266.4,11,0.1876866666666666
29.77777777777778,43.4,296.2,7,0.16269555555555557
30.72222222222222,41.0,272.0,32,0.36083944444444443
31.77777777777778,39.7,272.3,39,0.42523555555555553
33.05555555555556,36.3,287.1,22,0.31213611111111117
32.22222222222222,45.6,298.0,18,0.27274444444444446
31.666666666666668,47.4,285.5,36,0.4014833333333334
32.44444444444444,46.9,267.5,22,0.3052488888888889
32.888888888888886,30.7,304.5,30,0.3702577777777777
31.166666666666668,18.1,326.1,8,0.18584833333333337
30.833333333333332,19.8,326.6,28,0.33209166666666656
32.05555555555556,19.7,323.0,15,0.2483661111111111
32.666666666666664,22.6,323.3,15,0.2552533333333333
32.27777777777778,23.9,291.2,38,0.42337055555555553
33.166666666666664,21.4,305.1,29,0.36588833333333326
32.94444444444444,29.2,306.7,11,0.2283838888888889
30.666666666666668,42.4,310.8,14,0.22521333333333338
31.333333333333332,45.3,302.3,23,0.30022666666666664
32.166666666666664,47.3,287.7,29,0.35461833333333326
25.38888888888889,70.8,273.3,29,0.2782327777777777
28.166666666666668,63.9,292.7,9,0.1595383333333334
30.27777777777778,53.9,276.5,7,0.16833055555555557
27.666666666666668,56.9,257.5,12,0.17640333333333338
29.0,55.0,279.0,14,0.20643
29.27777777777778,57.5,262.4,34,0.35956055555555555
30.61111111111111,54.2,262.3,8,0.17958722222222223
30.944444444444443,53.9,274.4,14,0.22834388888888885
29.77777777777778,61.3,263.9,39,0.40269555555555553
31.166666666666668,53.1,310.4,23,0.2983483333333333
32.44444444444444,38.3,305.5,21,0.29774888888888884
31.555555555555557,40.9,310.3,30,0.35523111111111105
32.72222222222222,39.3,317.8,36,0.4133794444444444
33.94444444444444,31.8,326.4,36,0.4271538888888889
33.77777777777778,37.7,311.2,9,0.22277555555555556
33.666666666666664,37.6,290.9,5,0.1915233333333333
35.05555555555556,38.7,311.5,8,0.22967611111111114
34.05555555555556,54.5,305.8,7,0.2109061111111111
34.77777777777778,52.1,314.2,31,0.39904555555555554
33.5,56.2,302.1,20,0.302145
29.38888888888889,59.2,282.1,24,0.28581277777777775
31.72222222222222,58.3,304.6,7,0.1846094444444444
33.611111111111114,52.4,285.9,25,0.3408972222222223
26.944444444444443,78.1,246.2,29,0.2957638888888888
29.833333333333332,73.5,261.8,26,0.3058216666666666
32.0,63.4,264.8,13,0.23274
33.55555555555556,61.5,288.3,38,0.4377711111111111
32.833333333333336,56.9,259.5,33,0.39213166666666666
31.055555555555557,54.2,259.5,22,0.2895961111111111
32.0,49.5,294.7,20,0.28524
29.944444444444443,55.9,254.3,22,0.27707388888888884
30.055555555555557,52.6,281.1,18,0.24832611111111114
29.166666666666668,52.5,273.3,36,0.3733083333333334
29.11111111111111,55.0,248.1,20,0.25268222222222225
30.61111111111111,48.4,278.9,5,0.15708722222222224
32.5,49.5,281.8,21,0.298375
34.22222222222222,45.6,301.7,24,0.3402844444444444
36.27777777777778,40.6,300.2,6,0.22845055555555555
37.0,34.7,314.8,17,0.31909
36.94444444444444,27.1,319.9,23,0.3634638888888888
37.27777777777778,35.3,312.9,33,0.4422205555555555
36.888888888888886,49.7,295.4,33,0.43783777777777777
35.333333333333336,54.3,276.5,29,0.3903066666666667
35.72222222222222,54.9,290.9,30,0.4021894444444444
32.05555555555556,62.7,252.0,5,0.1733661111111111
31.5,65.4,163.9,26,0.32460500000000003
29.27777777777778,81.0,153.6,32,0.34456055555555554
29.555555555555557,80.5,167.5,24,0.2876911111111111
31.166666666666668,72.5,187.4,16,0.24584833333333336
30.444444444444443,75.5,158.0,7,0.17020888888888885
31.77777777777778,72.5,220.1,32,0.37273555555555554
32.0,71.4,232.4,39,0.42774
31.72222222222222,72.5,199.6,21,0.2896094444444444
31.27777777777778,77.1,231.9,7,0.17960055555555557
31.333333333333332,80.4,137.3,27,0.33022666666666667
32.94444444444444,67.9,225.8,35,0.4083838888888889
33.5,63.0,224.0,11,0.234645
30.72222222222222,74.4,212.5,18,0.25583944444444445
28.333333333333332,85.9,120.0,5,0.13141666666666663
27.555555555555554,90.4,120.3,28,0.29515111111111114
29.666666666666668,80.3,165.7,20,0.2589433333333334
31.444444444444443,74.5,224.6,14,0.23397888888888885
32.0,73.5,194.7,5,0.17274
30.833333333333332,78.9,203.8,8,0.1820916666666666
31.72222222222222,76.0,207.8,12,0.22210944444444441
31.11111111111111,79.9,180.7,19,0.26772222222222225
28.833333333333332,81.0,150.7,28,0.3095516666666666
31.833333333333332,72.7,213.7,17,0.26086166666666666
29.11111111111111,80.9,181.8,17,0.23018222222222226
26.833333333333332,91.5,92.1,24,0.2570116666666666
28.88888888888889,84.3,191.7,6,0.14517777777777774
29.444444444444443,83.2,240.1,6,0.15143888888888885
28.944444444444443,84.5,182.0,20,0.2508038888888888
28.166666666666668,87.6,167.3,22,0.25703833333333337
28.833333333333332,82.3,189.6,14,0.20455166666666663
29.166666666666668,85.3,171.5,39,0.3958083333333334
29.333333333333332,80.7,78.6,35,0.3676866666666666
28.555555555555557,84.5,224.2,33,0.3439211111111111
29.833333333333332,74.0,212.0,22,0.27582166666666663
30.88888888888889,70.8,222.0,7,0.17521777777777772
29.555555555555557,80.6,72.5,24,0.2876911111111111
28.72222222222222,86.6,164.1,39,0.3907994444444444
28.666666666666668,87.1,78.4,18,0.2326733333333334
31.11111111111111,74.6,243.7,29,0.34272222222222226
32.44444444444444,70.7,248.0,28,0.35024888888888883
31.5,72.4,189.4,27,0.332105
31.944444444444443,72.1,212.1,17,0.26211388888888887
31.166666666666668,77.2,225.3,31,0.3583483333333334
28.333333333333332,90.4,134.3,8,0.15391666666666662
28.5,90.5,97.7,19,0.23829499999999998
27.16666666666667,96.2,69.0,31,0.31326833333333337
28.5,85.5,115.1,8,0.155795
29.333333333333332,82.2,148.7,7,0.1576866666666666
29.444444444444443,83.1,149.8,12,0.19643888888888886
29.944444444444443,77.1,99.0,17,0.23957388888888886
29.444444444444443,77.5,117.0,19,0.24893888888888885
30.27777777777778,74.0,207.8,25,0.30333055555555555
31.11111111111111,69.7,243.4,7,0.17772222222222225
31.444444444444443,65.1,214.5,32,0.36897888888888886
26.444444444444443,94.8,41.9,27,0.27512888888888887
29.5,80.2,153.2,7,0.15956499999999998
30.61111111111111,73.2,148.5,28,0.32958722222222225
29.27777777777778,81.1,190.8,9,0.17206055555555555
31.055555555555557,72.9,180.3,14,0.2295961111111111
27.22222222222222,92.4,83.6,15,0.19389444444444442
28.111111111111107,89.1,167.6,12,0.1814122222222222
29.61111111111111,84.0,190.6,19,0.25081722222222225
29.333333333333332,83.4,183.6,33,0.3526866666666666
30.11111111111111,79.4,197.9,18,0.24895222222222224
29.944444444444443,79.8,237.9,25,0.29957388888888886
30.77777777777778,75.0,229.7,24,0.30146555555555554
30.666666666666668,76.7,220.0,13,0.21771333333333337
29.72222222222222,82.2,156.5,22,0.2745694444444444
28.77777777777778,85.6,153.0,36,0.36892555555555556
28.22222222222222,86.6,176.1,33,0.3401644444444444
27.38888888888889,89.7,65.2,8,0.14327277777777775
27.277777777777775,92.6,136.0,35,0.3445205555555555
27.5,92.1,181.0,35,0.34702500000000003
30.0,82.8,173.4,20,0.2627
28.22222222222222,91.5,141.8,5,0.13016444444444442
29.38888888888889,81.6,156.5,20,0.2558127777777778
27.722222222222225,85.4,69.8,8,0.14702944444444452
25.777777777777782,92.3,58.8,13,0.16261555555555565
26.166666666666664,93.3,65.1,26,0.2644983333333333
26.444444444444443,91.2,129.2,22,0.2376288888888889
28.055555555555557,85.7,214.1,8,0.15078611111111112
28.5,83.2,167.9,21,0.253295
29.77777777777778,78.2,142.5,21,0.2676955555555556
28.88888888888889,82.0,190.8,18,0.23517777777777774
30.055555555555557,73.8,210.9,36,0.38332611111111115
30.27777777777778,76.4,220.9,27,0.31833055555555556
30.0,75.6,235.4,23,0.2852
29.555555555555557,70.7,224.9,24,0.2876911111111111
29.555555555555557,69.6,217.0,14,0.2126911111111111
30.61111111111111,67.2,181.2,28,0.32958722222222225
30.77777777777778,68.2,219.1,37,0.3989655555555556
31.055555555555557,64.3,233.7,9,0.19209611111111113
30.944444444444443,68.1,224.1,24,0.30334388888888886
29.88888888888889,75.8,214.5,11,0.19394777777777775
29.0,80.3,204.9,11,0.18392999999999998
30.833333333333332,71.4,209.8,18,0.2570916666666666
30.72222222222222,69.4,227.9,22,0.2858394444444444
30.22222222222222,66.6,233.3,35,0.37770444444444445
30.555555555555557,64.8,220.4,12,0.20896111111111113
30.27777777777778,58.6,244.5,20,0.26583055555555557
29.72222222222222,62.1,247.0,5,0.14706944444444442
29.88888888888889,63.3,244.0,11,0.19394777777777775
30.22222222222222,65.8,245.4,35,0.37770444444444445
31.833333333333332,64.1,235.5,31,0.36586166666666664
31.77777777777778,67.8,204.6,25,0.32023555555555555
31.38888888888889,67.6,204.2,23,0.30085277777777775
27.722222222222225,83.2,186.3,15,0.1995294444444445
28.444444444444443,79.9,185.4,12,0.18516888888888888
28.555555555555557,81.0,177.2,35,0.35892111111111114
28.444444444444443,78.5,190.4,35,0.3576688888888889
29.166666666666668,73.5,214.9,27,0.3058083333333334
28.88888888888889,74.5,215.7,29,0.3176777777777777
23.444444444444443,89.1,110.1,30,0.2638188888888888
23.22222222222222,88.5,123.4,35,0.29881444444444444
22.722222222222225,86.6,165.8,16,0.1506794444444445
24.111111111111114,77.4,214.2,19,0.18883222222222223
23.72222222222222,72.9,216.3,19,0.18444944444444442
24.111111111111114,73.8,209.8,28,0.25633222222222224
25.33333333333333,70.5,226.2,33,0.3076066666666666
25.222222222222225,69.0,224.7,34,0.3138544444444445
25.38888888888889,62.8,225.9,13,0.15823277777777775
24.88888888888889,63.4,221.6,30,0.2800977777777777
24.72222222222222,64.7,222.5,18,0.18821944444444444
25.055555555555554,68.5,216.3,31,0.2894761111111111
25.888888888888886,69.2,199.1,33,0.3138677777777777
26.166666666666664,69.9,192.2,28,0.2794983333333333
26.444444444444443,68.8,198.6,10,0.14762888888888887
26.666666666666668,67.3,165.0,6,0.12013333333333338
25.555555555555557,72.7,192.2,28,0.27261111111111114
24.222222222222218,65.8,211.2,7,0.10008444444444435
23.555555555555557,64.9,208.1,39,0.3325711111111111
23.833333333333336,63.5,206.3,29,0.2607016666666667
24.166666666666668,61.3,208.0,36,0.3169583333333334
23.277777777777782,68.5,150.5,15,0.14944055555555563
22.83333333333333,71.0,143.1,15,0.1444316666666666
23.22222222222222,73.8,185.4,26,0.23131444444444443
23.666666666666664,81.6,89.2,11,0.12382333333333331
24.66666666666667,81.3,150.5,37,0.3300933333333334
23.88888888888889,76.4,191.7,31,0.27632777777777773
23.166666666666668,64.4,197.8,34,0.2906883333333334
22.88888888888889,55.0,200.9,35,0.29505777777777775
23.61111111111111,60.0,167.2,6,0.08569722222222226
23.88888888888889,68.7,188.6,7,0.09632777777777773
20.222222222222225,55.2,203.2,10,0.07750444444444451
19.555555555555557,60.1,198.7,31,0.23249999999999998
18.555555555555557,56.6,200.9,7,0.0525
18.77777777777778,56.7,198.0,15,0.11249999999999999
18.333333333333332,61.3,195.9,9,0.0675
18.388888888888886,62.0,194.4,17,0.1275
18.72222222222222,59.2,193.1,16,0.12
17.77777777777778,70.2,191.4,34,0.255
17.72222222222222,61.1,190.4,27,0.2025
18.000000000000004,61.7,189.7,36,0.27
17.88888888888889,60.4,189.1,33,0.24749999999999997
17.333333333333332,61.7,185.2,30,0.22499999999999998
17.27777777777778,68.8,180.9,29,0.2175
18.388888888888886,69.7,178.3,14,0.105
19.0,71.4,176.7,11,0.0825
18.88888888888889,72.6,171.8,25,0.1875
18.055555555555557,72.0,172.9,38,0.285
17.61111111111111,69.7,174.7,27,0.2025
17.166666666666668,69.7,174.4,17,0.1275
16.333333333333332,68.7,175.8,11,0.0825
16.11111111111111,65.7,175.4,20,0.15
16.555555555555557,67.3,175.4,22,0.165
16.61111111111111,70.4,168.9,9,0.0675
17.444444444444443,63.7,167.9,9,0.0675
15.777777777777779,61.8,166.9,12,0.09
15.555555555555555,61.3,175.2,25,0.1875
16.944444444444443,63.9,166.5,27,0.2025
14.833333333333334,65.8,173.9,17,0.1275
13.833333333333334,66.2,172.3,13,0.0975
13.722222222222223,66.8,169.2,38,0.285
14.833333333333334,64.6,166.3,14,0.105
15.277777777777779,65.5,166.0,34,0.255
16.38888888888889,61.6,166.7,11,0.0825
16.166666666666668,60.1,169.2,33,0.24749999999999997
16.166666666666668,61.5,166.4,9,0.0675
16.0,68.6,164.4,27,0.2025
16.0,68.9,162.9,18,0.135
16.61111111111111,72.7,157.9,12,0.09
16.27777777777778,82.2,154.3,17,0.1275
14.833333333333334,83.8,163.9,24,0.18
15.555555555555555,73.1,164.2,20,0.15
15.666666666666666,74.0,163.5,27,0.2025
13.666666666666666,90.0,153.3,38,0.285
13.277777777777779,88.2,160.3,22,0.165
11.88888888888889,90.6,151.4,35,0.2625
13.277777777777779,90.2,114.4,23,0.1725
14.333333333333334,85.1,114.7,29,0.2175
14.5,85.0,161.2,26,0.195
14.555555555555555,75.3,164.4,34,0.255
14.166666666666666,68.6,165.2,33,0.24749999999999997
14.333333333333334,74.5,144.7,7,0.0525
13.88888888888889,78.7,150.7,21,0.1575
13.833333333333334,80.0,156.2,24,0.18
12.944444444444443,89.3,137.7,34,0.255
12.777777777777779,85.3,147.1,31,0.23249999999999998
10.999999999999998,93.8,134.1,8,0.06
12.888888888888891,88.9,102.5,24,0.18
13.499999999999998,81.4,135.3,24,0.18
12.166666666666666,81.1,121.5,27,0.2025
11.722222222222221,83.7,128.5,33,0.24749999999999997
11.777777777777779,81.0,165.8,38,0.285
10.333333333333334,91.2,161.6,7,0.0525
10.666666666666668,85.7,168.2,26,0.195
10.055555555555555,82.7,141.0,24,0.18
11.777777777777779,78.1,135.6,19,0.1425
10.555555555555555,79.5,171.7,5,0.0375
9.5,80.6,177.3,16,0.12
9.833333333333336,72.1,179.3,19,0.1425
11.11111111111111,72.1,178.6,34,0.255
9.833333333333336,78.4,178.0,19,0.1425
9.611111111111109,82.9,142.7,17,0.1275
11.944444444444445,71.9,176.4,33,0.24749999999999997
14.222222222222221,74.3,154.2,28,0.21
14.944444444444445,79.4,171.9,6,0.045
16.333333333333332,70.4,167.4,19,0.1425
15.277777777777779,74.7,179.6,37,0.2775
15.0,73.4,184.5,14,0.105
16.444444444444443,69.8,185.5,23,0.1725
15.555555555555555,84.9,85.8,21,0.1575
12.666666666666664,59.7,156.8,32,0.24
10.999999999999998,69.0,190.7,20,0.15
12.666666666666664,67.9,190.3,12,0.09
13.11111111111111,86.3,118.8,35,0.2625
14.5,90.2,113.5,37,0.2775
12.611111111111112,91.4,191.8,10,0.075
13.833333333333334,78.9,154.5,27,0.2025
14.333333333333334,80.9,174.2,34,0.255
16.555555555555557,76.1,167.9,35,0.2625
13.722222222222223,93.2,171.2,33,0.24749999999999997
14.277777777777779,78.6,176.5,39,0.2925
14.722222222222221,74.5,185.2,33,0.24749999999999997
15.777777777777779,55.4,188.3,32,0.24
